"Group","Hypothesis","Estimate","Est.Error","CI.Lower","CI.Upper","Evid.Ratio","Post.Prob","Star","effect","training_size"
"babyLlama_10M","(regularityIrregular:pluralitySingular) > 0",0.728908391076238,0.162685757993281,0.40968458215,1.054780712775,39999,0.999975,"*","Regularity
×
Plurality","10M"
"babyLlama_2_10M","(regularityIrregular:pluralitySingular) > 0",0.749791574506321,0.167496472542908,0.42840638355,1.08846347158,Inf,1,"*","Regularity
×
Plurality","10M"
"distill_tree__360_10M","(regularityIrregular:pluralitySingular) > 0",0.73829709182583,0.165020176736387,0.41825106425,1.06994813009,39999,0.999975,"*","Regularity
×
Plurality","10M"
"distill_tree__58_10M","(regularityIrregular:pluralitySingular) > 0",0.737915982314262,0.165569969299985,0.417077941225,1.0727128945,39999,0.999975,"*","Regularity
×
Plurality","10M"
"distill_tree__95_10M","(regularityIrregular:pluralitySingular) > 0",0.740809784362208,0.164909819275848,0.4213125546,1.0746351352,Inf,1,"*","Regularity
×
Plurality","10M"
"gpt_2_10M","(regularityIrregular:pluralitySingular) > 0",0.733581209539881,0.164640215099332,0.412662858965,1.0644897409475,Inf,1,"*","Regularity
×
Plurality","10M"
"gpt_bert_10M_causal","(regularityIrregular:pluralitySingular) > 0",0.732947332003331,0.170127492092695,0.399844976175,1.077053718105,13332.3333333333,0.999925,"*","Regularity
×
Plurality","10M"
"gpt_bert_10M_masked","(regularityIrregular:pluralitySingular) > 0",0.728270849114001,0.16364025671504,0.40948948585,1.05392283085,13332.3333333333,0.999925,"*","Regularity
×
Plurality","10M"
"gpt_bert_10M_mixed","(regularityIrregular:pluralitySingular) > 0",0.722384171677119,0.164219355659366,0.3979435854575,1.0487594208775,13332.3333333333,0.999925,"*","Regularity
×
Plurality","10M"
"gpt_wee_large","(regularityIrregular:pluralitySingular) > 0",0.732230476702751,0.163773136762194,0.4120498571675,1.05921600005,Inf,1,"*","Regularity
×
Plurality","10M"
"gpt_wee_medium","(regularityIrregular:pluralitySingular) > 0",0.710108874107286,0.169080784478742,0.368053845475,1.03811075325,4443.44444444444,0.999775,"*","Regularity
×
Plurality","10M"
"gpt_wee_small","(regularityIrregular:pluralitySingular) > 0",0.70431053576159,0.167098388296524,0.36771276424,1.0285930942125,4443.44444444444,0.999775,"*","Regularity
×
Plurality","10M"
"MOEP","(regularityIrregular:pluralitySingular) > 0",0.70554006651973,0.168148594207735,0.36537470775,1.031803800315,3635.36363636364,0.999725,"*","Regularity
×
Plurality","10M"
"MOP","(regularityIrregular:pluralitySingular) > 0",0.716263033990319,0.167739146274246,0.381203811,1.0452403366825,6665.66666666667,0.99985,"*","Regularity
×
Plurality","10M"
"OPT_10M","(regularityIrregular:pluralitySingular) > 0",0.703912782683163,0.185819546046395,0.32455832075,1.0612848953,1024.64102564103,0.999025,"*","Regularity
×
Plurality","10M"
"what_if_baseline","(regularityIrregular:pluralitySingular) > 0",0.723120517026135,0.169096679091236,0.386889844525,1.0597778208575,13332.3333333333,0.999925,"*","Regularity
×
Plurality","10M"
"ZLATA","(regularityIrregular:pluralitySingular) > 0",0.72325179124677,0.16404548056779,0.39847746895,1.04940540295,9999,0.9999,"*","Regularity
×
Plurality","10M"
"babyLlama_10M","(-pluralitySingular) > 0",0.918069916132799,0.222172756619001,0.477796115,1.35734943325,7999,0.999875,"*","Regular
Effect","10M"
"babyLlama_2_10M","(-pluralitySingular) > 0",0.794298897638264,0.227033686306704,0.342667731,1.235646700975,2499,0.9996,"*","Regular
Effect","10M"
"distill_tree__360_10M","(-pluralitySingular) > 0",0.823953982310304,0.22448810725859,0.373038376,1.26277620825,4443.44444444444,0.999775,"*","Regular
Effect","10M"
"distill_tree__58_10M","(-pluralitySingular) > 0",0.823097423459299,0.22541451418208,0.3713836525,1.264690619225,3999,0.99975,"*","Regular
Effect","10M"
"distill_tree__95_10M","(-pluralitySingular) > 0",0.879244649394932,0.224352697944316,0.43569896325,1.315994672375,4443.44444444444,0.999775,"*","Regular
Effect","10M"
"gpt_2_10M","(-pluralitySingular) > 0",1.13614366722016,0.225848086344304,0.697061175975,1.586553912,Inf,1,"*","Regular
Effect","10M"
"gpt_bert_10M_causal","(-pluralitySingular) > 0",1.2054646692998,0.230181591721266,0.75333539015,1.65622961925,Inf,1,"*","Regular
Effect","10M"
"gpt_bert_10M_masked","(-pluralitySingular) > 0",1.0837501528704,0.223976337851338,0.65191059525,1.53224119475,Inf,1,"*","Regular
Effect","10M"
"gpt_bert_10M_mixed","(-pluralitySingular) > 0",1.11770231464914,0.224637896639326,0.67795337485,1.56493601475,Inf,1,"*","Regular
Effect","10M"
"gpt_wee_large","(-pluralitySingular) > 0",0.836578818281018,0.224779179218144,0.38329942375,1.271779614725,2856.14285714286,0.99965,"*","Regular
Effect","10M"
"gpt_wee_medium","(-pluralitySingular) > 0",0.755020786139348,0.230198536566358,0.29686779125,1.202999725025,1110.11111111111,0.9991,"*","Regular
Effect","10M"
"gpt_wee_small","(-pluralitySingular) > 0",0.800994669178565,0.227944066828609,0.344861266,1.2392600703,1738.13043478261,0.999425,"*","Regular
Effect","10M"
"MOEP","(-pluralitySingular) > 0",1.07452277504273,0.230905145997664,0.623433574955,1.53419615125,Inf,1,"*","Regular
Effect","10M"
"MOP","(-pluralitySingular) > 0",1.10349954018537,0.232840692302875,0.655981780275,1.5729877465,39999,0.999975,"*","Regular
Effect","10M"
"OPT_10M","(-pluralitySingular) > 0",1.55958517332363,0.259693790945636,1.051677382,2.07076782225,Inf,1,"*","Regular
Effect","10M"
"what_if_baseline","(-pluralitySingular) > 0",0.893576238023317,0.235451193777583,0.422308865,1.3445775625,4999,0.9998,"*","Regular
Effect","10M"
"ZLATA","(-pluralitySingular) > 0",0.857251191369446,0.225806492778844,0.40774263575,1.2927491936075,4443.44444444444,0.999775,"*","Regular
Effect","10M"
"babyLlama_10M","(-(pluralitySingular+regularityIrregular:pluralitySingular)) > 0",0.189161525056561,0.235673071802969,-0.2781010276,0.64727869385,3.84848484848485,0.79375,"","Irregular
Effect","10M"
"babyLlama_2_10M","(-(pluralitySingular+regularityIrregular:pluralitySingular)) > 0",0.0445073231319433,0.241001614434862,-0.4371340587,0.511851093775,1.353910433708,0.575175,"","Irregular
Effect","10M"
"distill_tree__360_10M","(-(pluralitySingular+regularityIrregular:pluralitySingular)) > 0",0.0856568904844744,0.237448306386292,-0.386911546,0.547653126775,1.81749665422272,0.645075,"","Irregular
Effect","10M"
"distill_tree__58_10M","(-(pluralitySingular+regularityIrregular:pluralitySingular)) > 0",0.085181441145037,0.238103925984792,-0.3886713551,0.5528252328,1.81729821101564,0.64505,"","Irregular
Effect","10M"
"distill_tree__95_10M","(-(pluralitySingular+regularityIrregular:pluralitySingular)) > 0",0.138434865032724,0.237399018377217,-0.3261742203725,0.60083725675,2.6068530207394,0.72275,"","Irregular
Effect","10M"
"gpt_2_10M","(-(pluralitySingular+regularityIrregular:pluralitySingular)) > 0",0.402562457680275,0.237872864842338,-0.05998443875,0.86864056661,22.094688221709,0.9567,"","Irregular
Effect","10M"
"gpt_bert_10M_causal","(-(pluralitySingular+regularityIrregular:pluralitySingular)) > 0",0.472517337296464,0.243379048192817,-0.00375537790749993,0.9497281447125,37.3877159309021,0.97395,"","Irregular
Effect","10M"
"gpt_bert_10M_masked","(-(pluralitySingular+regularityIrregular:pluralitySingular)) > 0",0.355479303756397,0.236840275757225,-0.107717987475,0.82700656984,14.3315446531238,0.934775,"","Irregular
Effect","10M"
"gpt_bert_10M_mixed","(-(pluralitySingular+regularityIrregular:pluralitySingular)) > 0",0.395318142972022,0.237871013695823,-0.0674342651499999,0.8682490378,20.5633423180593,0.953625,"","Irregular
Effect","10M"
"gpt_wee_large","(-(pluralitySingular+regularityIrregular:pluralitySingular)) > 0",0.104348341578267,0.238291368852682,-0.36982325625,0.5703450238,2.07739652254193,0.67505,"","Irregular
Effect","10M"
"gpt_wee_medium","(-(pluralitySingular+regularityIrregular:pluralitySingular)) > 0",0.0449119120320621,0.242843759133555,-0.4364515149475,0.51686788825,1.36462520690471,0.5771,"","Irregular
Effect","10M"
"gpt_wee_small","(-(pluralitySingular+regularityIrregular:pluralitySingular)) > 0",0.0966841334169742,0.241518689720741,-0.37857495195,0.570122759425,1.93298137556827,0.65905,"","Irregular
Effect","10M"
"MOEP","(-(pluralitySingular+regularityIrregular:pluralitySingular)) > 0",0.368982708522999,0.24477316440073,-0.10484077985,0.85701238252425,14.6617071260767,0.93615,"","Irregular
Effect","10M"
"MOP","(-(pluralitySingular+regularityIrregular:pluralitySingular)) > 0",0.38723650619505,0.245564119805147,-0.084262313925,0.876777613975,17.3150183150183,0.9454,"","Irregular
Effect","10M"
"OPT_10M","(-(pluralitySingular+regularityIrregular:pluralitySingular)) > 0",0.855672390640462,0.267417626569889,0.33570326075,1.3852844809975,1289.32258064516,0.999225,"*","Irregular
Effect","10M"
"what_if_baseline","(-(pluralitySingular+regularityIrregular:pluralitySingular)) > 0",0.170455720997182,0.249044467225143,-0.32612968465,0.64822112167,3.11226482985504,0.756825,"","Irregular
Effect","10M"
"ZLATA","(-(pluralitySingular+regularityIrregular:pluralitySingular)) > 0",0.133999400122676,0.239268676681126,-0.3430145533,0.5997018133,2.53575532573146,0.717175,"","Irregular
Effect","10M"
"babble","(regularityIrregular:pluralitySingular) > 0",0.737881030077135,0.203031267865243,0.340130862625,1.142230642635,2221.22222222222,0.99955,"*","Regularity
×
Plurality","100M"
"babyLlama_100M","(regularityIrregular:pluralitySingular) > 0",0.727129706822291,0.204777543339533,0.32080956125,1.1322042991425,1599,0.999375,"*","Regularity
×
Plurality","100M"
"CLASS_IT","(regularityIrregular:pluralitySingular) > 0",0.705089543536355,0.206922358670217,0.283671183075,1.103994853075,633.920634920635,0.998425,"*","Regularity
×
Plurality","100M"
"gpt_2_100M","(regularityIrregular:pluralitySingular) > 0",0.715055794620076,0.202565023419584,0.307449120725,1.1071753115875,929.232558139535,0.998925,"*","Regularity
×
Plurality","100M"
"gpt_bert_100M_causal","(regularityIrregular:pluralitySingular) > 0",0.738643995340941,0.205639013564234,0.334326619915,1.1449295695,1427.57142857143,0.9993,"*","Regularity
×
Plurality","100M"
"gpt_bert_100M_masked","(regularityIrregular:pluralitySingular) > 0",0.738898824463526,0.20108009265007,0.34655453125,1.138745909,2104.26315789474,0.999525,"*","Regularity
×
Plurality","100M"
"gpt_bert_100M_mixed","(regularityIrregular:pluralitySingular) > 0",0.761411410131813,0.204671865772632,0.371073483025,1.1779179842525,3999,0.99975,"*","Regularity
×
Plurality","100M"
"OPT_100M","(regularityIrregular:pluralitySingular) > 0",0.728850015317798,0.204705167982251,0.32252183925,1.1293392439,1289.32258064516,0.999225,"*","Regularity
×
Plurality","100M"
"babble","(-pluralitySingular) > 0",1.15455266731001,0.311631213760043,0.526981083685,1.75435623665,1999,0.9995,"*","Regular
Effect","100M"
"babyLlama_100M","(-pluralitySingular) > 0",1.14032892275186,0.311778667113024,0.511633858225,1.74502038788,1903.7619047619,0.999475,"*","Regular
Effect","100M"
"CLASS_IT","(-pluralitySingular) > 0",1.13637342695476,0.313115125249707,0.50777556175,1.7431586127,2351.94117647059,0.999575,"*","Regular
Effect","100M"
"gpt_2_100M","(-pluralitySingular) > 0",1.3389534337853,0.316889705508685,0.7334766463,1.9873019275,39999,0.999975,"*","Regular
Effect","100M"
"gpt_bert_100M_causal","(-pluralitySingular) > 0",1.3005703048631,0.311455501302167,0.689887469385,1.92142756707225,19999,0.99995,"*","Regular
Effect","100M"
"gpt_bert_100M_masked","(-pluralitySingular) > 0",1.31290037880878,0.311689774966265,0.706242560075,1.941347134,39999,0.999975,"*","Regular
Effect","100M"
"gpt_bert_100M_mixed","(-pluralitySingular) > 0",1.27197560213955,0.30676336410133,0.67146253775,1.88208415405,19999,0.99995,"*","Regular
Effect","100M"
"OPT_100M","(-pluralitySingular) > 0",1.14632351063161,0.310202577078962,0.5292898905,1.7465793065,2856.14285714286,0.99965,"*","Regular
Effect","100M"
"babble","(-(pluralitySingular+regularityIrregular:pluralitySingular)) > 0",0.416671637232872,0.330426093445338,-0.2479664544,1.0548137739995,8.62695547533093,0.896125,"","Irregular
Effect","100M"
"babyLlama_100M","(-(pluralitySingular+regularityIrregular:pluralitySingular)) > 0",0.413199215929569,0.328194722492508,-0.23769100762125,1.05264479484,8.65950253561942,0.896475,"","Irregular
Effect","100M"
"CLASS_IT","(-(pluralitySingular+regularityIrregular:pluralitySingular)) > 0",0.431283883418404,0.329557386160185,-0.218281559695,1.083160326625,9.36537963202902,0.903525,"","Irregular
Effect","100M"
"gpt_2_100M","(-(pluralitySingular+regularityIrregular:pluralitySingular)) > 0",0.623897639165221,0.333024825963005,-0.0190204102249999,1.29505074945,33.6320346320346,0.971125,"","Irregular
Effect","100M"
"gpt_bert_100M_causal","(-(pluralitySingular+regularityIrregular:pluralitySingular)) > 0",0.561926309522157,0.328928185920441,-0.0846651734625,1.2132818925525,21.9753015508329,0.956475,"","Irregular
Effect","100M"
"gpt_bert_100M_masked","(-(pluralitySingular+regularityIrregular:pluralitySingular)) > 0",0.574001554345252,0.326404422003612,-0.061905928025,1.22826560275,25.1096605744125,0.9617,"","Irregular
Effect","100M"
"gpt_bert_100M_mixed","(-(pluralitySingular+regularityIrregular:pluralitySingular)) > 0",0.510564192007733,0.326695583730975,-0.1367165096075,1.15635635275,16.0721297481861,0.941425,"","Irregular
Effect","100M"
"OPT_100M","(-(pluralitySingular+regularityIrregular:pluralitySingular)) > 0",0.417473495313817,0.327584144823698,-0.2341332997,1.052210904,8.96512207274539,0.89965,"","Irregular
Effect","100M"
