"variable","rhat","ess_bulk","ess_tail"
"b_Intercept",1.00031607443604,7089.10659877465,12780.1631939633
"b_regularityIrregular",1.00007534390041,23044.0708132795,26332.0432933717
"b_pluralitySingular",1.00003228840114,24645.7659530121,28699.4601267988
"b_regularityIrregular:pluralitySingular",1.00016849844249,34217.943993314,32845.4917161937
"sd_Head__Intercept",1.00045884655298,15957.6201021219,23287.9634226692
"sd_Head__regularityIrregular",1.00006399362904,14192.24595799,22063.8934825645
"sd_Head__pluralitySingular",1.00018919284889,27537.3487184559,30489.6409658963
"sd_Head__regularityIrregular:pluralitySingular",1.00014546776011,12491.2955098728,21459.3033830032
"sd_model__Intercept",1.00039329821383,15779.1151745364,24245.732806821
"sd_model__regularityIrregular",1.00021949236503,25658.9909041025,26264.3690631448
"sd_model__pluralitySingular",1.00011821712815,23526.2788375503,21903.0061250708
"sd_model__regularityIrregular:pluralitySingular",1.00005741917297,31404.0325773337,25528.3228425856
"sd_set__Intercept",1.00008021086533,20980.3330403968,23456.1144783724
"sd_set__regularityIrregular",1.00006659431018,23771.0418941617,26457.9157197839
"sd_set__pluralitySingular",1.00020801127996,16454.7376545192,24704.049786184
"sd_set__regularityIrregular:pluralitySingular",1.00010347449749,13503.6872909393,9015.65921921209
"cor_Head__Intercept__regularityIrregular",0.99995780809726,65005.8095874438,29654.4488329092
"cor_Head__Intercept__pluralitySingular",0.999983034583339,37506.0003478729,31245.6749781875
"cor_Head__regularityIrregular__pluralitySingular",1.00070248198996,8206.57207914187,16478.6329363347
"cor_Head__Intercept__regularityIrregular:pluralitySingular",1.00030467024392,63475.4381912003,29373.2443547241
"cor_Head__regularityIrregular__regularityIrregular:pluralitySingular",1.00010359672257,28812.5040677004,30771.020751716
"cor_Head__pluralitySingular__regularityIrregular:pluralitySingular",1.00008507481236,33655.3131204609,28943.9823220793
"cor_model__Intercept__regularityIrregular",1.00003958114818,83654.6867798686,27339.3790424638
"cor_model__Intercept__pluralitySingular",1.00004970922923,50483.1287626948,32458.0797018678
"cor_model__regularityIrregular__pluralitySingular",1.00002060456844,23392.1240460466,30262.3242355322
"cor_model__Intercept__regularityIrregular:pluralitySingular",1.00040959716744,88481.6752152468,27806.1110779093
"cor_model__regularityIrregular__regularityIrregular:pluralitySingular",1.00009981497223,54842.4782453223,32531.3076649784
"cor_model__pluralitySingular__regularityIrregular:pluralitySingular",1.00007711274891,67414.7720389763,33173.60082265
"cor_set__Intercept__regularityIrregular",1.00000938341058,20846.3471771216,27686.6513739765
"cor_set__Intercept__pluralitySingular",1.00004250627907,65288.5223869153,30651.5999860417
"cor_set__regularityIrregular__pluralitySingular",0.999972204009288,45589.7959075902,30705.5335144808
"cor_set__Intercept__regularityIrregular:pluralitySingular",1.00017742298006,36055.9719378865,32565.9702696154
"cor_set__regularityIrregular__regularityIrregular:pluralitySingular",1.00004064648235,29219.0204314059,20835.9773176394
"cor_set__pluralitySingular__regularityIrregular:pluralitySingular",0.999985605851164,25568.9484778706,31512.0149039277
"sigma",1.0002086740009,88206.1823897987,28769.8092470164
"Intercept",1.00029588643333,7235.06300916658,13048.496754693
"r_Head[crew,Intercept]",1.00033387995121,7534.5012612493,13381.9640510987
"r_Head[employer,Intercept]",1.00029140623967,7438.32394408431,13716.7818429982
"r_Head[examination,Intercept]",1.0003649798868,7591.39293516614,13384.9902775744
"r_Head[expert,Intercept]",1.00038627255622,7525.37519797232,14036.501388652
"r_Head[finder,Intercept]",1.00039324855127,7409.88600020643,14292.1500651537
"r_Head[hangout,Intercept]",1.00036833534951,7471.62963001364,14082.8510156385
"r_Head[inspector,Intercept]",1.00026528398329,7478.50349004028,13718.7163015907
"r_Head[institute,Intercept]",1.0003276074581,7404.99937390277,13722.9752210834
"r_Head[issue,Intercept]",1.00033751444797,7583.23714441622,13950.0216466197
"r_Head[patrol,Intercept]",1.00041404194683,7568.93405941104,13791.5541219159
"r_Head[protector,Intercept]",1.00031283070088,7561.40470147502,14071.4772247376
"r_Head[register,Intercept]",1.00033755433338,7343.65584463806,13593.751546099
"r_Head[tracker,Intercept]",1.00018270154836,7582.72486480935,13801.7063709069
"r_Head[trader,Intercept]",1.0003908528026,7582.88613285441,13901.3698224559
"r_Head[crew,regularityIrregular]",0.999983693211469,32567.6286975794,36337.9649153342
"r_Head[employer,regularityIrregular]",1.00008543796126,36941.9876794802,33614.6187555284
"r_Head[examination,regularityIrregular]",1.00001469924807,24449.3104044037,32315.5173133429
"r_Head[expert,regularityIrregular]",1.00008711156835,48813.0523321349,33145.7143707208
"r_Head[finder,regularityIrregular]",0.99999767798047,44004.8367979551,35995.9220280371
"r_Head[hangout,regularityIrregular]",1.00006477422829,37124.9920992519,35216.9448953776
"r_Head[inspector,regularityIrregular]",1.00003443858273,36564.9146329032,34354.5250921093
"r_Head[institute,regularityIrregular]",1.00008120222227,32568.2521491203,33240.7555230702
"r_Head[issue,regularityIrregular]",1.00008276480237,30374.9823569854,32492.1617237209
"r_Head[patrol,regularityIrregular]",1.00003185837193,15955.0503358532,28924.4160969284
"r_Head[protector,regularityIrregular]",1.00004925272657,24366.3847486443,32201.9526624184
"r_Head[register,regularityIrregular]",0.999998745893817,22524.0576728282,32111.6881555888
"r_Head[tracker,regularityIrregular]",1.00000499684162,32909.424565554,34311.1311035089
"r_Head[trader,regularityIrregular]",0.999980712522948,46581.6414898837,34837.456409987
"r_Head[crew,pluralitySingular]",1.00001763839446,34796.4468954882,36058.4196677696
"r_Head[employer,pluralitySingular]",1.00012779019444,35409.2082337164,35598.6955598559
"r_Head[examination,pluralitySingular]",1.00001934081454,34692.7621868265,35864.9673372845
"r_Head[expert,pluralitySingular]",1.00009575956954,33617.5234321033,35674.2838914933
"r_Head[finder,pluralitySingular]",0.99997715521202,33495.0487149032,35584.5182162428
"r_Head[hangout,pluralitySingular]",1.00009344558422,31648.0146524073,34545.2794967724
"r_Head[inspector,pluralitySingular]",1.00001848379123,35143.0828178038,36121.2655277098
"r_Head[institute,pluralitySingular]",1.00000805509531,33841.5604933524,34525.2531177462
"r_Head[issue,pluralitySingular]",1.00001027947704,32942.1569865114,35319.8124246988
"r_Head[patrol,pluralitySingular]",0.999965933470693,30495.3447165139,34669.9417262267
"r_Head[protector,pluralitySingular]",1.00003903421171,30004.3893051641,35196.3765522421
"r_Head[register,pluralitySingular]",1.00004228680061,28849.2197446209,34986.2899150262
"r_Head[tracker,pluralitySingular]",1.00005759166577,34068.5385669697,35780.0028595569
"r_Head[trader,pluralitySingular]",0.999994037347575,35871.4351818003,34565.5580704634
"r_Head[crew,regularityIrregular:pluralitySingular]",1.00009323096147,42539.1423184971,32763.9967667339
"r_Head[employer,regularityIrregular:pluralitySingular]",1.00007610822161,44012.9805897268,30616.2830200034
"r_Head[examination,regularityIrregular:pluralitySingular]",1.0000552382176,35846.1545264376,34681.9407972553
"r_Head[expert,regularityIrregular:pluralitySingular]",1.00002207688818,33012.1515595564,29544.2959031852
"r_Head[finder,regularityIrregular:pluralitySingular]",1.0001410097548,50880.4718443787,34974.6369417446
"r_Head[hangout,regularityIrregular:pluralitySingular]",1.00004471769539,32883.8769103191,31046.0129971539
"r_Head[inspector,regularityIrregular:pluralitySingular]",1.00014246826776,47934.972527817,33172.2613152693
"r_Head[institute,regularityIrregular:pluralitySingular]",1.00013708303148,28115.1405302913,31713.6667282322
"r_Head[issue,regularityIrregular:pluralitySingular]",1.00014529914822,24460.2893445145,31778.4966539509
"r_Head[patrol,regularityIrregular:pluralitySingular]",1.0000623787992,19589.0075681018,31914.7421799264
"r_Head[protector,regularityIrregular:pluralitySingular]",1.00022109818926,24397.883079602,30300.5526224485
"r_Head[register,regularityIrregular:pluralitySingular]",1.00012740347172,20509.5285311627,32117.5769628222
"r_Head[tracker,regularityIrregular:pluralitySingular]",1.00012848354368,23951.7749954589,29656.380039691
"r_Head[trader,regularityIrregular:pluralitySingular]",1.00018830822946,31128.9013690876,31445.4856913463
"r_model[babyLlama_10M,Intercept]",1.00022578708797,9990.43022073893,16761.827624829
"r_model[babyLlama_2_10M,Intercept]",1.00022373370182,9886.56460143274,17657.8584749775
"r_model[distill_tree__360_10M,Intercept]",1.00016124806695,9995.25665214839,17820.6243239171
"r_model[distill_tree__58_10M,Intercept]",1.00023176108699,9899.87360898943,17651.7881978038
"r_model[distill_tree__95_10M,Intercept]",1.00023416712551,9859.33726396896,17216.8628331067
"r_model[gpt_2_10M,Intercept]",1.00021324227985,9632.33480327373,17876.6328922125
"r_model[gpt_bert_10M_causal,Intercept]",1.00016438669126,10009.1004560466,16611.2944604166
"r_model[gpt_bert_10M_masked,Intercept]",1.00016332655687,9831.49585736911,17451.3705414639
"r_model[gpt_bert_10M_mixed,Intercept]",1.00013535977927,9932.10905945885,17681.7323913084
"r_model[gpt_wee_large,Intercept]",1.00024299407288,9726.53633234804,17145.9374838239
"r_model[gpt_wee_medium,Intercept]",1.00024909408477,10033.997843169,18045.636550423
"r_model[gpt_wee_small,Intercept]",1.00018336818892,10015.832298475,18125.6337034477
"r_model[MOEP,Intercept]",1.00023194075601,9947.64000422482,17444.35335151
"r_model[MOP,Intercept]",1.00023376899587,9982.05927400539,17529.806530282
"r_model[OPT_10M,Intercept]",1.00015372461153,10418.4319089298,19695.8972910677
"r_model[what_if_baseline,Intercept]",1.00024834364189,10130.795629163,17662.8162331848
"r_model[ZLATA,Intercept]",1.00027582428794,9962.63706630437,17785.5439812532
"r_model[babyLlama_10M,regularityIrregular]",1.00004698566354,61883.9623489057,35349.7500496794
"r_model[babyLlama_2_10M,regularityIrregular]",1.00002461650337,60587.5466361342,35204.580630776
"r_model[distill_tree__360_10M,regularityIrregular]",1.00006168817111,64678.0359235039,35286.1535495268
"r_model[distill_tree__58_10M,regularityIrregular]",1.00006217230981,64174.0703002045,34265.4319742985
"r_model[distill_tree__95_10M,regularityIrregular]",1.00011203728212,62979.5985665617,34971.1037780989
"r_model[gpt_2_10M,regularityIrregular]",1.00004754342878,58008.753665154,35518.4116732132
"r_model[gpt_bert_10M_causal,regularityIrregular]",0.999996556511625,54431.4499929399,34505.2134420644
"r_model[gpt_bert_10M_masked,regularityIrregular]",1.00001896443138,46587.1559525245,33892.6000198402
"r_model[gpt_bert_10M_mixed,regularityIrregular]",0.99999978620177,52466.4328655268,35336.4109060646
"r_model[gpt_wee_large,regularityIrregular]",1.00008984953391,57853.7267736837,34171.3206898872
"r_model[gpt_wee_medium,regularityIrregular]",1.00002154314487,46316.6938084325,34346.383548208
"r_model[gpt_wee_small,regularityIrregular]",1.00014586484654,41454.9738368939,36668.803031774
"r_model[MOEP,regularityIrregular]",1.00010759505037,45484.0325730913,34438.2135034534
"r_model[MOP,regularityIrregular]",1.00012161422897,44771.3417928823,36187.0283132031
"r_model[OPT_10M,regularityIrregular]",0.99998957278131,48023.6772851182,36766.0903489398
"r_model[what_if_baseline,regularityIrregular]",1.00000928638414,42020.5985236557,36648.0237218769
"r_model[ZLATA,regularityIrregular]",1.00010077469856,63339.0609592031,35503.463985573
"r_model[babyLlama_10M,pluralitySingular]",1.00010840477134,50267.2736660328,33906.5608908342
"r_model[babyLlama_2_10M,pluralitySingular]",1.00002262585646,45500.8362487152,32459.8053369193
"r_model[distill_tree__360_10M,pluralitySingular]",0.999965770517705,47498.5870371614,34015.4668554429
"r_model[distill_tree__58_10M,pluralitySingular]",1.00013698146716,47743.060768622,34224.7046798182
"r_model[distill_tree__95_10M,pluralitySingular]",1.00014537179204,48545.6466709092,32218.4070395368
"r_model[gpt_2_10M,pluralitySingular]",1.00000200751054,47114.9050650402,33121.9452696352
"r_model[gpt_bert_10M_causal,pluralitySingular]",1.00011531568119,44814.7913998457,33912.1838131975
"r_model[gpt_bert_10M_masked,pluralitySingular]",1.00002634456818,49921.8511842176,33461.1986360483
"r_model[gpt_bert_10M_mixed,pluralitySingular]",1.00006823569365,48065.4493223301,33923.1849232469
"r_model[gpt_wee_large,pluralitySingular]",0.999982274893054,48356.0848341377,32753.3610898796
"r_model[gpt_wee_medium,pluralitySingular]",1.00003211833512,46240.3539327846,32452.3057048436
"r_model[gpt_wee_small,pluralitySingular]",1.00009653815708,46038.5929258309,32447.7685960871
"r_model[MOEP,pluralitySingular]",1.00015551857462,43892.7168181481,33562.1313017656
"r_model[MOP,pluralitySingular]",1.00006164506609,41235.9192811373,34158.2903082576
"r_model[OPT_10M,pluralitySingular]",1.00008707355739,32104.4767787678,27321.880582224
"r_model[what_if_baseline,pluralitySingular]",1.00019374910297,42778.869958628,32721.2000242132
"r_model[ZLATA,pluralitySingular]",1.00012978970474,50466.2851201226,33289.5544396401
"r_model[babyLlama_10M,regularityIrregular:pluralitySingular]",1.00022152575851,44889.9192000622,34896.8590769438
"r_model[babyLlama_2_10M,regularityIrregular:pluralitySingular]",1.00003349083551,40819.8777965546,34948.7644423997
"r_model[distill_tree__360_10M,regularityIrregular:pluralitySingular]",1.00009023752356,44058.7164432853,36556.9882964221
"r_model[distill_tree__58_10M,regularityIrregular:pluralitySingular]",0.999998494780446,42708.9853890808,34331.2502329638
"r_model[distill_tree__95_10M,regularityIrregular:pluralitySingular]",0.999931956251282,41328.0709939499,35004.0483751287
"r_model[gpt_2_10M,regularityIrregular:pluralitySingular]",1.0000419668898,43722.370901032,36099.8810740614
"r_model[gpt_bert_10M_causal,regularityIrregular:pluralitySingular]",1.00004563367692,45226.6935594295,35562.1628921139
"r_model[gpt_bert_10M_masked,regularityIrregular:pluralitySingular]",0.999970780414223,43516.8838638304,35706.8122214989
"r_model[gpt_bert_10M_mixed,regularityIrregular:pluralitySingular]",1.00002310456047,42957.3813512102,35444.7259835904
"r_model[gpt_wee_large,regularityIrregular:pluralitySingular]",1.000071647486,42785.9076658479,34832.2186119648
"r_model[gpt_wee_medium,regularityIrregular:pluralitySingular]",0.999939020810771,44491.7172123545,35398.2579061458
"r_model[gpt_wee_small,regularityIrregular:pluralitySingular]",1.00010080271252,42556.5841590892,34486.2234514149
"r_model[MOEP,regularityIrregular:pluralitySingular]",1.00001311155162,41895.6560242662,34713.8858720291
"r_model[MOP,regularityIrregular:pluralitySingular]",1.000002889246,47120.3748235916,36973.2152255773
"r_model[OPT_10M,regularityIrregular:pluralitySingular]",1.00005066213176,48069.5310470404,33685.8987669897
"r_model[what_if_baseline,regularityIrregular:pluralitySingular]",1.00013435420324,45385.0660232294,35766.8413010288
"r_model[ZLATA,regularityIrregular:pluralitySingular]",1.00000576285525,44735.6080256237,35004.0152449282
"r_set[set_boatman_shipmate,Intercept]",1.00002698384409,38205.8512585635,31862.7666464304
"r_set[set_child_adult,Intercept]",1.00013493165674,34722.4915506584,32990.5131582381
"r_set[set_craftsman_labourer,Intercept]",0.999985786841568,44539.7407953626,35912.1698236085
"r_set[set_fireman_lifeguard,Intercept]",1.00005117590639,47888.2160045558,34977.2030785698
"r_set[set_foot_leg,Intercept]",0.999959677731013,43699.1291773989,34761.1297854769
"r_set[set_goose_swan,Intercept]",1.00007101673094,29995.6153386834,34678.8643352238
"r_set[set_louse_flea,Intercept]",0.999970993923734,37438.5665597786,29468.8097096857
"r_set[set_man_boy,Intercept]",1.00004701801874,34357.9541113404,34197.453857666
"r_set[set_mouse_rat,Intercept]",1.00003140665739,45458.3834494777,35033.3069777713
"r_set[set_nobleman_aristocrat,Intercept]",0.999959633368401,35034.6204433761,30080.4210147269
"r_set[set_ox_cow,Intercept]",1.00017752187914,46091.2487837216,34610.469053749
"r_set[set_salesman_retailer,Intercept]",1.00001484032448,40270.36552615,34007.3142985438
"r_set[set_tooth_bone,Intercept]",1.00008861922598,40623.8094550047,34675.8574376547
"r_set[set_woman_girl,Intercept]",0.999981200023198,35474.4741690864,30872.7961750452
"r_set[set_boatman_shipmate,regularityIrregular]",1.00007134540013,35701.6989052497,34990.8407017523
"r_set[set_child_adult,regularityIrregular]",1.00002518775726,32695.1222334658,33010.717614598
"r_set[set_craftsman_labourer,regularityIrregular]",1.00001930701959,33497.4736934291,35030.473368841
"r_set[set_fireman_lifeguard,regularityIrregular]",1.00010454179424,39106.9911886436,33445.5023264881
"r_set[set_foot_leg,regularityIrregular]",1.00006938519023,37320.9104842776,32384.6964539817
"r_set[set_goose_swan,regularityIrregular]",0.999992719727938,21578.6335199428,20694.6664569926
"r_set[set_louse_flea,regularityIrregular]",1.00001278684474,35761.1811816567,34511.0394017436
"r_set[set_man_boy,regularityIrregular]",1.00006271685293,34097.6801756201,35378.7602208478
"r_set[set_mouse_rat,regularityIrregular]",1.0000097056878,37011.2435733723,34438.3032272502
"r_set[set_nobleman_aristocrat,regularityIrregular]",1.00015278144935,34722.5931378175,33329.8026597706
"r_set[set_ox_cow,regularityIrregular]",1.00002502530958,37638.0465144341,32818.3545184598
"r_set[set_salesman_retailer,regularityIrregular]",1.00012946249569,34074.1488719088,34401.3761382879
"r_set[set_tooth_bone,regularityIrregular]",1.00000155850781,38493.9953231675,33397.721333942
"r_set[set_woman_girl,regularityIrregular]",1.0000487276979,36047.1983665308,35422.6828849241
"r_set[set_boatman_shipmate,pluralitySingular]",0.99996770286775,41299.2919443561,33331.7242475035
"r_set[set_child_adult,pluralitySingular]",1.00005083795595,42388.1980121872,32906.9003522135
"r_set[set_craftsman_labourer,pluralitySingular]",1.00003295677239,49134.2303544201,34894.58610563
"r_set[set_fireman_lifeguard,pluralitySingular]",1.00000670140063,53137.7726428028,34845.8205085876
"r_set[set_foot_leg,pluralitySingular]",0.999995912097901,34827.1281164282,32004.8941652532
"r_set[set_goose_swan,pluralitySingular]",1.00000971309002,23547.1826245351,29543.3255788329
"r_set[set_louse_flea,pluralitySingular]",1.00001125076356,34055.5675623082,29923.1744864407
"r_set[set_man_boy,pluralitySingular]",1.0000184452484,22085.4666300021,29563.890408514
"r_set[set_mouse_rat,pluralitySingular]",0.99997118006605,49218.3805759109,33616.4800178746
"r_set[set_nobleman_aristocrat,pluralitySingular]",1.0000405945726,30515.9511824,30254.4621674181
"r_set[set_ox_cow,pluralitySingular]",0.999997975692419,52073.4609329118,35122.962966054
"r_set[set_salesman_retailer,pluralitySingular]",0.99995407447408,35765.8255820159,33468.7349594991
"r_set[set_tooth_bone,pluralitySingular]",0.999986792609367,31080.4397895004,32195.5687794552
"r_set[set_woman_girl,pluralitySingular]",1.0000471629882,32679.4115200573,31515.4068151406
"r_set[set_boatman_shipmate,regularityIrregular:pluralitySingular]",1.00009068928558,38499.1513016836,35077.229862991
"r_set[set_child_adult,regularityIrregular:pluralitySingular]",1.00005427727488,43315.2335761654,35420.5447698372
"r_set[set_craftsman_labourer,regularityIrregular:pluralitySingular]",0.99999928784514,39752.8274450222,35167.9549118717
"r_set[set_fireman_lifeguard,regularityIrregular:pluralitySingular]",1.00014981693056,49475.0234339039,33954.1936547653
"r_set[set_foot_leg,regularityIrregular:pluralitySingular]",1.00018995245449,47307.5783494838,34201.7197000197
"r_set[set_goose_swan,regularityIrregular:pluralitySingular]",1.00020756764192,15371.7566129456,9236.68094416923
"r_set[set_louse_flea,regularityIrregular:pluralitySingular]",1.00004931488343,29480.1823189912,35427.1904162782
"r_set[set_man_boy,regularityIrregular:pluralitySingular]",1.00006468604528,31736.1328922317,34653.6987651219
"r_set[set_mouse_rat,regularityIrregular:pluralitySingular]",0.999983001498461,43987.9356584905,35847.7526967919
"r_set[set_nobleman_aristocrat,regularityIrregular:pluralitySingular]",1.00004071988416,35590.2552850012,33362.0056595474
"r_set[set_ox_cow,regularityIrregular:pluralitySingular]",1.00008065552129,48567.8775989236,34116.2382761696
"r_set[set_salesman_retailer,regularityIrregular:pluralitySingular]",0.999977475967851,35323.2235682439,35457.0534062933
"r_set[set_tooth_bone,regularityIrregular:pluralitySingular]",1.00001704660666,44324.7303359967,35698.4046829515
"r_set[set_woman_girl,regularityIrregular:pluralitySingular]",1.00005768270906,44487.0069621488,33825.1213374857
"prior_Intercept",1.00002982764186,38709.953616435,38122.1073876715
"prior_b",1.00004950865781,39315.4011238232,38767.5520586965
"prior_sigma",0.999956699877709,39633.5231518975,39436.879783127
"prior_sd_Head__Intercept",0.999973730748913,40072.1617422452,39085.345988045
"prior_sd_Head__regularityIrregular",1.00018514208836,39764.4643855245,39801.9491326975
"prior_sd_Head__pluralitySingular",0.999985401098408,39634.4333212117,39188.1726041742
"prior_sd_Head__regularityIrregular:pluralitySingular",1.0001103760881,38853.5831021518,39149.1456413228
"prior_cor_Head",1.00000209432136,39911.0141271501,38508.7617613929
"prior_sd_model__Intercept",1.00009470690934,39539.3164070005,39401.6231344483
"prior_sd_model__regularityIrregular",0.999985488230514,39872.0242842195,38820.2547112499
"prior_sd_model__pluralitySingular",0.999959532290128,39319.9193873136,39765.89360581
"prior_sd_model__regularityIrregular:pluralitySingular",1.00003238795416,40028.9932012868,40045.6718040699
"prior_cor_model",0.999968786655904,39315.5404304637,39806.4084305568
"prior_sd_set__Intercept",1.00001699128098,40262.4569884401,39133.0528335194
"prior_sd_set__regularityIrregular",1.00007879729106,39692.2702240346,39634.3245972321
"prior_sd_set__pluralitySingular",1.00002227026645,39707.7920897109,39163.7809939435
"prior_sd_set__regularityIrregular:pluralitySingular",1.00000012290245,39841.922763878,39129.9143531971
"prior_cor_set",1.00009697076983,39965.6138766663,39704.6336128764
"lprior",1.0000552926124,22099.3537959232,30142.6420133195
"lp__",1.00033573139234,9226.31361766574,16851.6128055489
